"decimalLongitude","decimalLatitude"
76.4212,9.6306
77.065487,10.082108
76.8703,10.4395
77.0606,10.0873
77.0914,10.0738
76.6937,8.7517
77.1598,10.0742
80.1834,12.8697
77.0653,10.082
76.687,11.48
77.622528,12.971104
76.652,11.5601
77.091408,10.073826
77.083,10.2
76.5198,9.5001
77.051,10.0726
76.695,11.41
76.652,11.56
77.259,10.063
77.071,10.0563
76.130705,12.050317
76.549816,11.547125
76.534882,11.543271
76.1461,11.4312
77.159729,10.074333
80.254784,13.05774
76.6948,11.4101
80.2565,12.772964
77.082825,10.198197
76.7089,8.7723
77.156897,10.040021
76.654,11.5543
76.952,8.4874
77.198181,9.508662
76.6781,8.7742
77.124,9.774
76.364096,9.478517
76.485165,12.440819
76.651739,12.513869
77.509945,12.854315
76.271083,10.850516
76.693971,11.414074
79.852788,12.544264
77.4119,8.183286
76.700461,10.10398
76.753496,12.673754
76.64831,11.011296
77.21384,13.37555
76.91016,10.312675
76.9675,10.338319
76.60293,10.332131
76.96139,8.516905
76.68,12.27
76.953735,10.329072
76.70165,8.838937
76.9436,9.42043
77.05967,10.089113
76.652794,10.966599
77.03995,10.143094
76.35584,11.205345
76.98967,10.397607
77.14248,11.995163
76.70197,10.449904
76.82044,10.44578
77.27674,12.308887
76.518845,12.194563
76.059296,11.906994
76.159,10.526653
76.93203,12.826087
79.855545,12.545767
76.7,12.1
76.53193,10.935248
77.61843,13.107861
80.276024,13.012168
76.71765,10.415566
76.45011,12.01851
76.46982,11.110695
76.26661,11.78183
76.4885,10.295879
77.17095,9.425016
76.61253,10.98067
76.66526,10.540978
77.44505,8.668134
76.70195,10.54201
78.21556,10.080481
76.68801,10.129976
76.6288,10.519923
77.37386,13.027572
76.76899,12.817022
76.78333,10.383333
76.89524,10.348778
77.18308,9.58355
76.57844,12.244188
76.61792,11.672074
77.23114,9.190226
76.82002,11.33563
76.65439,10.14619
76.8283,10.279426
76.66519,10.493333
76.754585,10.127357
77.301994,12.311618
76.60131,12.717933
77.61751,12.911294
76.487976,12.248843
76.65805,11.994072
76.625946,12.208428
76.429405,11.132482
76.40319,11.63539
76.78662,11.092517
77.18033,9.576376
79.82108,11.873241
77.56425,12.769342
77.57242,13.010238
76.13609,10.530121
76.7593,10.11786
76.38125,12.32625
76.05,11.766666
76.88876,10.348219
76.76909,12.265737
76.38924,11.234415
77.30744,9.439421
76.5366,12.1408
76.48506,12.352605
76.47195,11.31429
76.05153,11.866595
76.671135,12.284573
76.834915,10.5121
76.91599,10.3506
77.37484,12.282057
77.592606,12.974185
76.93225,10.347278
76.53261,11.556289
76.62378,10.986231
79.06886,10.730167
77.034966,10.120899
77.42011,13.139953
76.64496,10.94549
77.204834,10.308005
77.06239,9.130911
76.61302,8.934963
77.58642,13.046369
76.649925,11.528246
76.438065,10.159336
76.38936,9.441027
77.10291,9.102775
76.20946,10.263911
77.33505,9.573285
76.63096,10.314588
77.13031,9.45408
76.8,10.616667
76.56634,12.258301
76.44051,10.365533
76.69152,10.445864
77.44546,13.214606
76.70462,10.221479
77.56648,8.483784
76.57107,12.259343
77.336945,12.884829
76.67264,10.116499
77.50561,12.797405
77.386116,9.527946
76.05475,12.243615
77.5339,8.251635
76.65703,12.424956
80.145546,12.684701
77.255585,9.524384
76.96862,10.342972
77.65229,11.251438
76.28768,10.036119
76.22126,11.416764
76.65444,10.379512
76.149895,11.751104
77.29354,12.912314
76.82452,10.295881
76.08908,11.947304
76.8361,10.470456
77.21181,9.988675
77.00641,10.352105
76.62586,10.976076
76.973564,10.106146
77.010765,10.083877
76.93759,10.58036
76.62032,10.348837
76.44871,11.195242
77.024826,10.325229
76.68193,11.388453
76.67826,11.546467
77.683174,13.36996
76.67818,12.275054
77.022285,10.329144
76.42463,11.091029
76.237,11.944899
78.43663,13.642734
77.521416,8.655139
76.00763,10.572015
77.55437,8.52555
77.00077,11.353984
77.38638,13.018022
77.276436,9.4825
76.00262,10.684937
77.52363,12.880631
76.336784,10.632265
76.703636,10.198078
76.472374,9.415887
78.54387,13.451751
76.389786,11.433885
77.6125,12.7725
76.74104,10.453461
76.799194,10.524518
78.3,12.7
76.17233,10.479203
77.17575,9.59694
77.2,8.5444
76.89161,10.299851
76.68706,10.129849
76.373985,12.231404
76.60097,11.575484
76.81362,10.356602
76.665085,10.495745
78.25104,10.149171
76.56721,11.481678
76.590324,12.278775
77.04242,10.145076
76.91022,12.28843
77.21427,8.547326
76.64611,12.30353
79.8649,12.574502
76.46695,10.501399
76.44796,9.584152
77.2023,9.10074
76.36994,11.66944
76.371826,11.671192
77.44442,8.663834
76.69746,11.510136
77.87221,12.776313
77.20954,13.370699
77.40213,8.717067
77.21355,8.53086
76.43309,9.615644
76.27798,11.969242
77.15604,10.274233
79.75824,11.949451
77.251625,12.738973
76.90109,10.314937
76.97205,10.043271
77.565384,12.804441
76.16815,11.275832
77.08547,9.509944
77.587975,12.839904
77.39945,8.754
76.400986,9.60989
76.68055,12.26906
76.01835,11.857271
77.2353,9.4933
77.14195,11.994321
76.46398,10.42553
77.28188,12.695607
76.61337,12.660359
76.81499,10.29142
76.43372,9.625228
77.16196,9.123792
76.45716,12.164885
76.5493,10.689746
76.65,11.56
76.03333,11.783333
78.3902,13.539685
77.92463,12.488831
76.52783,10.487567
76.95459,8.466653
77.20352,10.307277
76.673134,12.30308
77.56841,12.97808
76.1651,10.3754
76.70707,10.131967
77.02712,12.073232
76.93927,12.379019
76.68,11.48
77.369,8.460517
76.696884,10.40205
76.944176,12.815435
76.54398,10.681473
77.5063,8.658417
77.08106,9.432015
77.50947,12.853694
77.091995,8.914486
76.68024,10.135034
76.59078,11.299551
77.116234,10.452374
77.13772,8.634829
76.986244,10.070089
76.36863,10.527982
76.65565,10.466712
76.6521,12.23448
76.627335,12.216846
77.43649,12.2995
77.52689,12.805789
77.48343,12.70743
77.682526,13.370484
77.52899,13.07952
77.15047,11.983755
76.717575,8.776595
76.38348,10.579369
76.68268,10.450337
77.14642,9.555047
76.90505,8.545492
76.13045,11.500808
76.39286,11.65527
77.04277,12.06159
77.15598,10.250116
77.10248,9.515433
77.137,10.0359
76.21,11.65
77.21179,8.570674
77.13328,10.038408
77.30753,9.439517
77.180954,9.583416
77.59,12.96
77.06532,12.100405
77.53088,8.534133
77.50919,8.644778
77.58547,12.946275
76.844086,10.470088
77.60083,12.894493
77.17442,8.684812
76.86928,11.420424
76.98286,12.548245
76.87295,10.472451
77.27735,9.481029
77.14723,9.463183
77.50878,12.941661
76.64094,11.572093
77.32327,13.74001
76.93472,12.827778
76.35754,9.53149
76.42856,9.627407
76.82619,12.808245
77.62,12.73
77.14018,8.547283
77.068726,10.054911
80.23773,13.004616
76.903534,9.5836
76.14693,10.544605
76.392624,9.472052
77.2,8.566934
77.45448,8.721167
76.66796,12.279541
76.6528,11.561002
76.30514,11.68969
77.02067,10.9963
76.2173,11.9182
76.9,8.522
76.19699,10.513045
76.366585,13.28886
76.24659,9.968119
77.65023,8.6733
76.60721,12.256176
76.51967,11.543041
76.74269,10.519972
80.28376,13.080147
79.05345,10.72081
76.36706,11.269636
77.52464,12.881952
76.78007,12.399443
76.93452,10.350881
77.3065,8.691166
76.93209,10.35552
76.87372,11.435162
76.68706,10.129818
77.06505,10.059678
76.3667,11.63
77.05725,10.093938
77.233284,8.626594
76.49583,10.433962
76.647,11.531
77.6524,8.697533
77.2947,8.336008
76.969376,10.34372
76.36202,11.35046
77.49886,10.251322
77.56472,12.053591
76.560295,12.202721
76.80581,11.124622
76.71092,11.418658
76.97,10.37
77.071,10.056433
77.1483,9.5187
76.90268,12.304686
77.14377,9.461253
76.41796,9.634134
77.03703,10.120507
77.041115,9.150231
77.444115,8.675484
76.66852,10.150888
76.20366,10.476672
77.18349,10.306467
77.17758,8.67199
77.25197,10.125017
76.62492,10.25384
76.42434,9.588685
76.92971,10.354246
76.63421,10.30351
76.38006,10.154351
76.05389,11.937899
77.3761,9.5031
76.707085,10.451167
76.94039,10.252168
77.509445,8.641444
76.430855,9.616322
76.30777,10.6443
77.48138,10.223876
76.9697,10.338118
76.57591,12.238359
77.566734,12.720223
76.73131,12.430894
76.683334,10.366667
76.765495,10.376353
76.54595,12.177651
76.3011,11.7569
77.3845,8.758534
76.064804,11.944139
76.978714,10.450434
76.68563,10.133002
76.27038,11.939134
77.169556,9.569721
76.750595,12.296901
76.42085,9.602812
76.083,11.8461
76.928696,10.32346
76.7,11.4
76.72917,10.11083
77.096523,10.250397
76.75,12.416667
76.55,11.616667
76.35,12.633333
76.25,12.166667
76.633333,12
76.966666,10.366666
78.45,10.35
76.666667,10.083333
76.816667,10.383333
76.75029,10.530598
76.66568,10.15026
77.4492,12.9236
76.736916,10.287636
77.01952,9.019388
76.46257,10.444766
76.68733,10.129733
76.75154,10.246006
76.38888,11.156357
76.714066,10.205759
76.22559,11.538799
76.62833,11.666204
76.794945,11.353146
77.13518,9.524872
76.93376,10.342502
79.12108,12.90998
76.217224,11.884359
76.928856,11.404096
77.180466,9.57705
76.992,8.426
76.41961,11.114064
76.944466,11.338001
78.45273,13.632838
76.406654,9.623523
76.68917,11.403898
77.68,12.02
77.0307,8.84
77.48702,10.23891
77.81189,10.298611
76.65934,12.065121
76.46667,10.433333
77.16481,8.557819
76.39111,10.485618
76.4,10.7
76.59834,12.268056
77.27522,11.196077
76.50363,12.15187
76.658585,12.312598
76.95201,12.532906
78.25282,12.816237
76.20695,12.276438
77.095795,12.14898
76.337555,9.49444
76.693,12.506
76.69654,11.41625
76.703224,10.112156
76.55528,12.612878
76.955444,8.510568
76.478294,9.466909
79.8187,10.297997
76.64824,12.136033
76.95436,10.98198
77.577385,8.6298
77.06565,10.081412
76.38714,9.448836
76.92284,11.573964
76.4,10.9
76.76667,10.583333
76.70545,10.108196
76.85206,11.046061
76.26385,9.907536
77.59334,13.116744
76.683754,12.288105
76.007454,11.974984
76.23291,10.568991
76.84284,12.318536
77.55605,8.437367
79.38353,12.24215
77.08809,12.510942
76.301895,9.93309
76.62411,10.3834
76.64708,11.530436
77.00066,12.043819
78.1,9.9
76.88164,12.931957
77.36079,12.287895
76.62319,10.537056
77.46445,13.171007
76.390686,12.255469
77.33675,12.88552
76.2964,10.3863
76.35944,12.199223
77.57217,8.595433
76.697044,11.409641
77.1,12.6
76.19606,11.934109
77.19342,10.18065
79.74688,11.94237
76.37952,10.154875
77.067566,10.151116
76.63691,12.331114
77.07016,12.156437
76.35743,9.467187
76.68951,10.1288
76.59296,12.272854
76.37744,10.53538
76.87199,10.287088
76.383,9.983
76.79313,12.84374
77.62004,12.980889
76.90113,10.344473
76.77196,10.11529
77.469124,12.67727
77.51762,8.63884
76.45323,12.126531
76.44807,11.09465
76.561554,10.293356
77.059525,10.092994
76.08211,11.55589
76.52426,12.170794
77.57982,13.071342
76.31756,11.290201
76.69247,8.752494
76.08272,11.547223
77.184525,9.574934
76.465324,9.423802
77.29277,12.921605
77.19116,9.599923
76.07481,11.994542
80.26657,12.988238
76.380615,11.384308
76.61054,12.27563
77.29979,9.590998
76.94228,11.330005
76.82956,10.472058
76.683334,10.833333
76.4934,9.514603
76.4653,9.423818
76.38382,11.44032
76.348236,10.180647
76.78212,9.454512
77.26597,10.022077
76.43075,9.55289
80.275,13.081225
76.06849,12.356751
76.27045,11.939048
76.470726,10.427715
76.73412,10.323589
77.159164,9.580783
77.73097,12.980053
76.37944,11.7225
76.4842,10.48241
76.81516,10.276411
76.68225,10.128092
77.01399,10.341265
77.061714,9.086842
76.40262,9.67326
77.43,12.3
77.467575,12.930441
76.69521,11.410117
79.818825,11.982359
76.37,11.42
76.648445,11.560662
76.68193,11.388452
76.51832,9.685472
76.719246,10.467303
77.57523,8.617666
76.58265,11.580129
76.586136,10.304142
77.57395,8.474083
76.99177,10.00507
76.8909,10.357406
77.59147,8.5559
76.99309,10.369185
77.18069,9.578894
77.14792,9.532534
76.846176,10.843205
80.23809,12.993433
77.73782,12.375818
76.75333,12.8182
76.28992,10.1669
77.206604,10.322504
77.05662,11.514812
76.57789,8.954292
76.73586,11.401126
77.19244,13.365541
77.183754,9.588919
76.6684,10.129117
76.7147,10.103647
76.72022,12.425031
76.4739,9.511656
79.398705,12.247166
77.66336,12.685392
76.593056,10.303139
76.6444,10.500555
76.006744,11.509715
76.2445,11.7108
77.09205,12.029331
77.0085,11.823141
76.673,10.522805
76.969826,10.48106
76.01,11.9167
78.13208,9.929773
76.7657,10.37715
77.0088,10.198144
80.240234,12.742755
76.691,11.394
76.89073,10.416429
76.01667,11.8
76.704216,10.1177
76.9788,8.40046
76.90303,9.682041
76.5285,10.695567
76.489456,12.114365
76.67197,12.4207
77.17647,10.246017
76.515045,9.684531
76.16532,10.447504
77.0351,10.146663
77.24472,9.966917
76.52429,12.171083
76.69418,11.513668
78.4,13.65
77.10482,11.445467
76.84056,10.29072
76.98905,9.368333
76.927864,8.501878
76.77569,10.39288
76.49231,9.570198
76.38468,9.618257
77.419624,9.577053
77.59637,8.567367
76.05974,11.968608
76.64137,11.530818
76.22605,11.27705
76.99272,10.39454
77.53038,8.5379
76.63693,11.566889
76.64133,11.703213
76.63268,12.215935
76.453255,9.613772
79.346466,13.683446
76.69946,8.73961
76.87454,12.952428
77.16687,9.603138
76.672165,11.386148
76.15598,11.294073
77.10878,9.036597
77.20998,13.376155
76.75731,10.51067
76.588165,12.253029
77.08982,10.062871
77.06055,10.087716
76.13406,11.76664
76.62419,12.607914
76.921715,9.362467
77.72869,10.295666
76.242645,9.967238
76.41815,11.180549
77.63905,12.507981
76.70281,10.305718
77.500694,8.683416
77.57397,8.480884
77.56828,8.491567
76.66768,10.139085
76.47252,10.7146
77.47444,8.662972
77.07051,10.056427
76.74934,10.157505
77.03304,12.120648
76.53943,11.48887
76.67326,10.273661
76.67869,10.12414
77.13432,11.982233
76.46746,9.432855
77.08583,9.511066
76.196754,12.429793
76.93951,9.728947
77.035416,9.5358
76.470856,11.175708
76.592606,10.302861
76.601494,12.256079
77.68475,13.048026
77.583244,12.945958
76.90086,10.338821
76.6969,11.410818
76.24023,9.96399
76.71861,10.406998
77.60879,12.994375
76.93724,12.289017
77.5182,8.232124
77.183586,9.077349
76.634445,12.218006
77.14506,11.986012
76.67932,10.118474
77.601616,8.3727
77.00103,10.304264
77.41785,12.294007
77.285,10.0578
77.56867,12.704047
76.97326,8.398252
76.63333,10.533333
76.70611,10.549361
76.4308,9.648347
76.6871,10.419878
77.06223,10.086612
76.61667,12.272223
76.447205,9.504375
76.7159,10.097673
76.133,10.547137
77.54015,8.113663
77.5135,8.651222
76.25189,9.968946
76.703964,10.100698
76.67963,10.532813
76.625885,12.230333
76.25632,13.313458
76.61981,10.956865
80.15,12.5
77.36393,8.512116
76.67705,10.1183
77.35208,8.801
77.22,8.581217
76.7088,11.406111
76.73439,10.527
77.482834,8.660916
76.775764,10.392867
76.68516,11.538204
77.69,13.05
77.59299,12.975268
79.40247,12.244799
76.68431,10.107373
77.14579,8.535434
77.58602,13.06408
77.762215,12.113524
80.26909,13.008677
76.11339,10.505339
76.25133,10.342236
79.13388,10.760576
77.48935,12.809222
76.641556,11.56421
76.2573,11.786031
76.2884,12.293427
77.02589,9.282117
76.42914,12.119893
76.396866,11.715444
76.675354,10.127261
76.70281,12.328966
76.62287,10.859638
76.16583,10.176753
76.70072,10.12517
76.217415,11.645906
76.5833,11.7167
77.22507,10.0556
76.087105,11.852399
76.111244,11.951942
77.08122,9.434083
76.76615,10.122836
77.660385,13.186596
77.147575,11.985568
77.559235,8.6137
77.51864,8.630195
80.255,13.029
77.68425,13.371886
77.0801,11.4497
76.35,11.71667
77.05736,10.136671
77.20891,9.779623
76.85115,10.27933
76.64517,10.86635
76.127144,11.46665
76.70092,10.104559
77.36228,8.76705
76.83289,10.456552
77.07158,10.055488
76.416664,10.516666
77.53996,13.307444
76.875946,10.496004
77.14789,11.695609
77.41311,8.664028
77.47486,8.673778
76.792244,12.383767
76.066666,11.733334
76.38014,11.72147
77.22207,9.597834
76.987206,11.931265
77.13566,8.625565
77.163,8.674833
76.65591,12.426844
77.5358,10.268082
77.54228,8.3111
77.10872,10.063991
76.423805,9.629776
77.17331,9.558755
77.62,12.72
76.69318,12.04818
77.0864,10.1299
76.98903,9.810919
76.9197,12.871564
76.324936,12.279472
77.3386,12.287004
76.09381,11.82242
77.10953,8.766403
76.6911,11.536838
77.52,8.520667
76.399956,11.306361
76.78336,10.10749
79.35137,13.663561
76.84388,10.47156
76.58618,12.712432
77.41527,8.741583
76.72251,12.744235
76.41437,11.301627
76.06765,12.353442
76.56865,11.482902
76.90892,12.8219
77.25342,12.313619
78.44238,13.651325
77.553734,8.531016
77.06617,9.317317
76.668,12.046
77.92286,10.656316
77.18767,10.284611
77.15524,8.955231
77.40565,8.7437
77.15033,10.116203
76.6825,11.46
78.77862,10.174476
76.15946,11.43847
77.05941,10.13683
77.467415,12.930423
76.12847,11.595
76.646324,12.299138
76.93485,10.338101
77.19142,13.368995
76.10977,11.595677
77.66337,8.706983
77.547585,8.677067
76.92992,12.942163
76.72903,11.41037
77.5778,8.351283
76.645805,11.528729
76.272026,13.299174
80.27045,13.00876
77.13435,10.288484
77.50511,8.687417
77.588135,8.634767
80.0945,12.880254
77.48992,10.236208
76.95345,8.487342
77.938446,10.011511
76.2466,11.6776
76.41858,12.130097
76.56646,12.277743
76.39958,12.225988
76.61998,12.317068
77.2485,9.817176
77.566734,8.47005
79.30867,12.170114
77.493195,8.681194
76.66923,12.267479
76.6945,10.126249
77.05557,12.38154
77.09326,9.558862
78.178734,10.080589
77.58588,11.108921
76.70602,10.106731
76.27277,9.988261
76.58702,11.720601
76.38346,9.526904
77.07146,10.055862
77.59658,12.963022
76.23104,11.479015
76.9376,10.351512
79.49604,10.397663
76.72787,10.141617
76.64584,8.844068
76.38794,11.413483
76.656944,12.425177
76.74,12.17
80.249825,12.796121
77.06982,9.417566
77.06922,10.059121
76.12068,12.031425
77.631065,12.927517
77.42,12.54
76.63816,12.296019
76.9278,10.539845
76.73786,10.554
76.65,12.22
77.1925,10.202117
77.121864,10.036716
76.65144,10.446722
76.38703,10.05859
76.59308,11.535145
76.69042,10.127864
79.32052,10.700861
76.57857,9.591356
76.9398,12.32233
77.3003,12.752204
77.5856,8.578917
80.26632,12.980443
76.12773,11.471806
76.71309,10.103001
79.950005,13.824402
76.26945,10.436866
76.55125,12.316986
76.922134,10.345537
77.49792,8.669278
76.05547,11.50789
77.09568,8.918633
77.43353,12.913343
77.567085,13.021869
76.403076,9.435514
80.16576,12.980074
77.2456,9.585
77.57777,8.617717
76.70598,11.357487
76.6789,12.41623
76.56811,12.349344
78.2164,10.0773
76.66526,10.129773
76.20332,10.346901
76.62686,10.232702
76.99602,9.5629
76.88734,8.509967
79.8887,13.812735
77.179016,9.594548
77.3485,9.576016
77.575966,8.6351
76.5257,11.6376
76.80998,10.445267
77.40928,9.633522
76.53831,12.159451
77.52285,8.320416
77.05795,10.075235
77.17431,9.596861
79.77662,11.98101
76.76405,10.420234
76.692215,12.278057
77.220924,10.360743
76.538246,11.062517
77.48855,10.232267
76.690704,12.285118
77.662415,13.38938
76.50221,10.085498
76.39412,12.216831
76.46057,12.328892
76.94476,12.342297
77.55995,8.417467
77.12815,8.709066
76.539276,9.604545
77.04836,12.351352
77.58734,12.889688
76.083336,11.816667
76.33299,12.235632
76.52054,9.597451
76.567924,9.553185
77.2726,12.436127
76.150986,11.546803
76.53166,12.236255
80.25367,13.064012
80.208626,12.655715
77.17635,9.566237
77.03779,11.934834
77.57309,12.955044
76.4892,9.11855
76.51667,9.433333
77.49148,12.880507
76.62065,10.861988
76.24844,11.72508
76.79679,12.381419
77.57265,8.623583
77.24626,11.504931
76.474754,10.726639
77.2137,9.3505
76.91151,10.293781
77.22861,8.823586
77.5592,8.673266
77.35423,8.774767
77.377884,8.762683
76.57024,12.381833
76.94837,12.297853
77.2768,12.7151
76.96939,8.453207
76.42328,12.121168
77.3,12.56
76.83,10.46
77.07777,8.968417
76.61198,12.269876
76.23075,10.061102
76.936165,12.717996
77.29444,12.920276
76.54581,9.432344
76.6105,12.358577
77.066895,10.064218
80.24381,12.810729
76.729034,11.418226
77.576164,8.593634
76.33878,11.29061
77.490776,12.931873
76.95374,10.32907
80.13698,13.234849
76.301025,9.595002
76.688736,10.129216
77.465515,10.209841
76.41094,11.470467
76.82851,11.075973
77.18108,9.576765
76.78838,11.072487
76.43967,10.170847
77.335014,8.8141
76.3698,10.312588
77.66112,12.777254
76.21739,11.646058
77.56625,13.029938
77.20658,10.014584
76.13103,10.481448
76.97642,8.38824
77.1074,11.039468
76.443275,10.165841
77.138016,10.431967
80.25019,13.089215
76.61498,9.205688
76.105865,11.794174
77.546486,9.598166
76.99313,8.411796
77.12201,11.902324
76.62254,11.557765
77.235756,10.400702
76.35741,9.524068
76.67347,12.027286
76.5641,12.35308
77.171234,9.09015
77.60914,11.975516
76.8046,11.4008
77.11197,10.188707
76.4333,9.5841
76.746414,12.27062
76.68225,12.424272
76.019104,11.529142
77.149605,9.470397
77.424774,8.672639
76.75602,10.302217
77.16741,9.601543
76.58005,11.721915
77.589134,13.051407
77.57298,12.822053
76.82002,11.335629
76.938614,10.321631
77.555534,8.421267
76.683365,11.468682
79.878784,12.593151
76.5902,12.3291
76.38622,9.493086
77.062675,10.084727
77.62029,13.064025
79.85327,12.560763
78.0428,9.872974
76.998314,10.1619
76.68917,10.131076
76.684746,10.225396
77.15016,9.73173
76.934,12.937227
76.429985,9.52744
77.51256,8.665195
77.60445,12.738055
79.96759,12.216104
77.812126,12.742855
76.9738,9.37505
78.50864,13.70576
76.64656,12.667708
76.12918,10.571775
77.66276,12.931494
77.24067,10.44966
76.10681,11.92672
78.0422,9.873005
77.228134,8.590017
76.22487,10.343027
77.68369,13.363791
77.576706,12.933782
79.990265,12.757423
76.618065,12.244869
79.46722,13.751802
76.93719,11.326948
77.570274,12.810982
76.763145,10.750395
76.66758,10.96014
78.2131,10.076
77.41705,8.668639
76.70659,10.466236
76.59944,11.307777
76.926636,9.644883
77.56475,8.6198
79.85342,10.679574
80.07282,13.022537
76.440155,10.171502
76.14809,11.73679
76.49379,9.516253
77.48497,8.469417
80.242584,12.803538
77.132904,10.421469
76.62946,11.665518
76.531425,10.625339
77.17408,10.27935
77.06071,10.136883
78.66235,12.33103
76.68843,10.82477
77.563866,8.420333
77.35836,8.52022
76.80503,10.52105
77.076675,10.057579
79.63126,10.648533
77.16359,12.255889
77.55988,8.477683
76.573524,10.503111
77.38133,8.77935
76.79712,10.474122
79.37491,10.303408
76.69641,11.411043
76.07354,11.864663
76.9057,11.3629
76.21719,11.275727
77.5285,8.535033
77.5635,8.667334
77.32709,13.740661
76.70351,10.107578
78.213974,10.12067
76.218796,11.275843
76.4309,9.628962
77.428734,12.57481
76.75636,10.393283
76.68404,11.478228
77.1177,8.874667
76.38114,9.519186
77.07678,8.766777
76.75003,12.29449
77.12969,8.709051
78.21922,11.774604
77.14188,11.969471
77.45636,8.67509
77.576416,12.796988
79.40008,10.985009
76.82615,12.412269
76.46048,10.44635
77.558365,8.618433
76.09508,11.87697
76.67236,12.298474
76.089676,12.327696
79.13677,12.935655
80.2249,12.9463
76.237885,9.959313
76.43463,12.124965
77.45622,8.649389
77.316284,12.72801
77.34651,8.680842
76.41419,12.23088
76.07012,10.650325
79.4192,13.6288
77.634125,12.971521
77.526085,8.517966
77.613235,12.996069
76.25825,9.968893
77.48,10.23
76.707664,10.204766
76.497086,9.685796
76.27619,11.884685
76.433945,9.552847
76.64411,11.526872
77.72667,12.981667
80.21839,12.900543
77.39332,8.367
77.1,13.34
76.40772,11.70528
76.58155,11.631602
77.57708,13.111236
77.16857,9.603268
77.056114,10.341945
77.20718,10.312786
77.31097,8.685418
77.6188,13.108445
76.5354,11.062853
76.68344,10.45975
77.60193,12.964413
76.64514,12.299147
80.191536,12.620452
80.18517,12.630623
76.70632,10.216288
76.36981,9.460669
76.848785,12.32445
76.38854,9.462608
77.016235,10.131434
76.06542,11.070661
76.472824,10.290071
78.74515,10.835528
77.01873,10.824926
77.58,13.12
76.68174,8.76947
77.596436,12.97378
76.67064,10.462944
77.21945,10.35245
80.18302,13.031809
77.5312,8.516417
76.166664,11.616667
76.21018,11.280269
76.67356,10.528319
77.21754,8.857577
76.27016,11.938528
76.713715,10.408466
76.38111,11.63353
77.33933,8.800222
77.06501,10.08151
77.36889,12.975878
77.0688,10.054665
77.30014,12.749639
77.09122,9.46465
77.60829,13.058573
77.12231,10.126047
76.56594,11.06799
76.356064,10.581667
77.6126,8.664567
77.56897,10.044585
77.80828,10.302041
77.583336,12.983333
76.714134,10.133404
76.775795,10.392809
77.47408,8.654833
76.917854,12.519877
77.486694,12.741448
77.48726,10.238067
76.64894,11.738596
76.68,11.38
76.4987,10.381483
79.55414,10.451217
76.64972,12.307222
76.93664,8.524138
77.069756,9.417405
77.20487,8.554541
77.42482,8.780867
77.58,13.02
77.02107,10.330963
80.01099,12.265599
76.723946,8.882584
77.57411,13.00922
77.42259,12.846184
76.66791,12.301036
76.971886,9.529514
77.52918,9.466386
76.91105,12.629295
77.51517,8.643278
76.73126,11.60583
77.48693,12.86291
78.26987,10.129251
77.59456,12.9716
77.4467,12.260197
76.77169,10.167531
77.72721,12.183671
76.3838,10.16442
76.66494,10.13156
77.57133,13.085732
78.1777,10.0988
80.200165,12.616822
76.66,12.35
77.940994,10.340785
77.15797,13.339149
77.63685,12.62744
76.755104,10.11871
77.64,13.04
76.54836,10.684957
76.383789,9.547292
76.08049,12.343356
76.05681,11.949655
76.65295,10.641916
78.67329,10.814907
77.666626,13.047665
76.73732,10.140183
76.31285,12.080344
76.153336,12.048725
76.26693,10.40767
77.58,12.98
80.28312,13.066968
77.5677,8.623967
77.2244,9.955183
77.10904,11.757853
78.22384,10.092111
76.03912,11.548653
80.248215,12.797573
79.94704,12.200191
76.544304,12.273055
77.1927,9.5658
76.6991,11.409
78.1176,9.916942
77.168655,10.147508
77.18258,11.796037
77.53,12.83
76.59913,9.991579
77.56564,13.022143
77.46308,8.725
77.21054,10.329274
80.24993,12.915338
76.5408,11.492431
76.64468,11.53039
76.95947,12.697448
76.37103,10.151479
77.98918,8.650667
77.56275,8.595783
77.57008,8.629617
76.23366,11.736033
77.20226,8.912981
77.14788,9.72115
77.60906,13.069912
80.17312,12.926854
77.052536,10.071707
76.97275,8.395918
76.68459,11.389709
77.572014,13.053974
76.7245,10.40295
76.61936,12.314107
77.18048,9.617167
76.31834,12.233334
76.64579,12.308628
77.796005,12.994411
77.05612,8.905715
77.36878,8.797517
76.369995,10.529976
76.83138,12.371023
76.26583,11.925806
76.2794,9.971493
76.10776,12.338032
76.603836,10.30215
77.07198,8.981684
76.68193,11.544995
80.19922,12.616509
76.9766,10.450368
76.41939,9.632796
77.11594,11.468769
77.20262,10.306904
76.24857,9.985285
76.96972,10.457908
77.18338,10.313948
76.93594,12.874063
77.365166,8.78665
77.44426,13.216384
76.620636,8.948227
76.6332,12.3102
76.546196,11.883512
80.186,12.615
76.0968,10.50486
76.76669,10.531777
76.84325,12.363017
77.477554,8.629416
77.09835,10.066427
77.33927,9.366501
77.59,12.79
76.43698,10.171963
76.68405,10.530514
76.68712,11.484367
76.71297,8.883915
76.46105,10.14149
76.52255,10.630734
77.158035,9.621094
77.3492,12.279667
76.68745,11.395123
76.96445,10.975046
77.26584,10.028619
76.90915,12.2156
76.150986,12.339472
76.972855,8.395494
76.9661,9.788474
76.7063,10.108419
77.05845,12.628613
77.51861,10.2975
76.15825,11.5085
76.37072,9.437307
77.34489,12.980597
76.65646,12.424855
76.4954,11.5039
77.081635,8.30725
77.411026,8.668555
76.67644,12.411284
77.58469,8.573717
77.5466,8.548217
77.79645,8.8023
77.45743,8.18604
76.93945,11.92142
79.1126,10.820937
77.376366,12.084982
76.654,12.680872
77.48028,8.653111
76.673386,8.861618
77.95305,10.05098
77.5105,12.854356
76.90274,10.345108
77.21299,13.379093
77.49239,12.881738
76.88724,9.205069
77.14188,8.538064
77.21418,12.308773
76.25567,11.76292
78.82402,10.751843
76.66458,10.38287
77.63747,8.666633
80.24135,12.827382
76.596565,11.341561
77.44471,8.675575
76.6,12.32
78.32394,13.71804
76.64485,11.57346
76.824585,10.556916
78.008896,9.941418
77.061584,10.081497
77.308205,12.959778
76.36216,9.482888
76.279976,11.947587
77.5782,8.598033
77.75379,12.88155
76.33202,9.497593
77.16169,8.244837
76.924187,10.315187
76.679245,10.524043
76.656868,12.42589
76.352074,12.322783
77.036049,8.490168
80.212312,13.037322
76.407166,9.619706
80.213712,12.934891
80.116341,12.892749
80.213715,12.934891
76.71032,10.00672
76.800636,9.810457
77.139831,11.998775
77.749893,12.984811
76.237724,9.963824
77.593567,12.972727
76.983894,10.448223
77.544853,13.117849
77.87178,12.388025
77.860794,12.385343
77.860794,12.393391
77.859421,12.389367
77.612228,12.531507
76.42202,9.609454
76.693245,10.128824
76.686211,10.128317
76.687065,10.128613
80.263374,13.034567
77.13121,9.492306
76.418259,9.630436
80.263,13.034562
80.262993,13.034646
80.263054,13.034669
80.241081,12.844279
80.263,13.034601
80.244179,12.785647
76.653542,12.425021
77.206024,10.306797
77.177681,9.590446
80.275932,13.012939
80.225777,12.949636
80.263,13.034629
80.26297,13.034622
76.420471,9.62676
76.686546,10.127599
76.726891,10.138076
77.612915,12.221918
77.65686,12.500939
77.821655,12.409754
77.700806,12.205812
77.872467,12.397683
77.585449,12.205812
77.574463,12.205812
77.678833,12.474124
77.67334,12.302435
77.821655,12.366832
77.854614,12.361466
77.608109,12.224334
77.794189,12.500939
80.263,13.034499
77.586296,12.948431
77.584724,12.965736
77.55838,13.072571
76.69313,12.421556
76.76828,11.104833
76.76947,9.923912
76.808662,10.384019
76.568733,10.285274
77.338806,12.873979
76.159752,10.496141
77.585663,12.94836
80.22793,12.900988
76.95494,12.528317
76.65747,12.422917
77.52157,8.518383
77.05066,10.073044
76.56053,10.200739
76.903824,12.686857
77.02933,9.550467
79.394844,12.250102
77.46678,10.211121
77.3632,8.79915
77.14371,9.466328
77.587,13.043944
77.59088,8.5676
77.14338,10.034161
77.434074,12.912399
76.18529,12.847514
77.1,13.3
77.198456,10.310247
77.57275,8.5805
76.37875,11.71997
77.143394,9.522177
77.0133,10.17505
77.09758,9.57906
76.27533,10.455
77.40559,9.705139
76.32897,12.108313
77.35185,8.81185
77.5794,13.081485
77.555954,9.543039
79.86001,13.211788
77.077,12.541
77.49428,8.666889
77.2461,10.003034
76.86667,8.6
80.19271,13.05994
77.465034,8.680909
77.78075,13.08844
76.36501,10.528223
76.96871,9.843431
79.141815,12.978495
76.68561,11.48997
80.25996,13.014606
76.42254,9.631363
76.39434,12.217578
76.86375,12.510671
77.35,12.47
76.69224,10.127398
76.429184,12.125546
77.40447,8.733222
77.496445,8.68875
76.65761,11.533284
76.73425,11.275786
77.50992,8.535334
76.10228,11.49444
80.280685,13.072811
79.81935,10.274631
79.96024,12.682587
78.107704,9.921453
77.57245,8.64115
76.633766,12.291467
76.24189,9.965465
76.64587,12.3033
76.61801,12.322015
76.90649,12.197018
76.53,11.53
76.21643,10.343175
76.25215,11.942601
76.25336,9.917449
77.831116,13.278449
76.65018,10.639696
76.0707,10.838
76.84722,10.458818
76.924614,8.464425
77.586395,13.045329
76.6,11.333333
76.65,12.41
76.9663,8.5177
77.50325,8.647972
77.07139,10.055959
76.81524,10.446122
77.5209,8.520433
77.51071,10.241805
77.3822,8.736383
77.16068,10.274935
77.54493,8.424183
77.10412,8.9714
76.183334,10.116667
79.843,10.285
76.15029,12.33725
78.397835,13.650241
76.7048,10.131
77.85867,12.286739
79.13149,10.784238
80.1844,12.616217
77.5538,8.500067
76.6951,11.4131
78.67632,10.816618
76.36383,10.51695
79.133484,10.78334
79.83464,12.565455
77.53543,8.437984
76.92135,12.803933
76.33959,9.497869
76.99564,10.653029
77.5297,8.5166
77.5536,8.478717
77.58355,8.651433
77.10167,13.34222
76.67603,10.116278
76.23923,9.966264
77.15743,10.277817
76.67062,11.443432
76.93673,11.932578
77.17822,11.246207
76.66828,12.279955
76.71251,11.394399
80.2686,12.9819
77.38,12.79
76.15081,11.46492
76.65839,12.31263
77.47154,13.139035
76.10444,11.58908
76.27773,9.86137
78.145065,8.750893
76.05209,11.275156
76.647415,11.531281
77.28195,12.748898
78.1912,10.1295
76.12633,9.916097
76.05458,11.50739
76.15867,11.46764
77.14958,9.382934
76.6142,12.3603
77.12458,12.156647
76.652794,12.299389
77.0799,10.040383
77.02463,13.011416
77.65248,8.493935
77.486916,10.20972
77.41199,12.538813
76.705414,8.733219
76.93594,12.911961
76.26142,9.927595
76.90041,12.569748
76.462,10.142745
77.50747,8.681778
77.41632,8.652526
76.69471,10.127061
77.60982,8.665283
79.18528,10.96694
76.72444,10.090251
76.36469,9.463886
77.5647,8.553889
77.56485,8.5883
77.56132,8.624267
76.386055,11.430792
77.112465,9.032017
76.160736,12.125003
76.73266,11.387553
77.47896,10.239671
76.90535,9.371034
76.99,9.57
77.44366,13.219392
76.35382,9.508408
77.52675,8.65696
77.101814,10.265952
76.70693,11.599608
77.64891,12.96068
76.34322,9.499519
77.1295,13.0474
76.68907,10.130282
76.58321,9.986852
77.67704,13.35743
76.56287,12.212969
77.19972,12.089094
76.69086,11.810185
79.55835,10.341771
76.8119,11.3898
79.986,12.9617
76.43036,9.612231
78.20884,11.775444
76.20588,11.946956
79.41675,13.635018
78.439064,10.941915
77.18958,10.265683
78.63988,12.579581
76.691956,11.403134
76.397514,10.14909
77.09351,11.0608
79.8,11.9
77.074585,11.494849
76.563896,11.4076
76.93617,8.513215
77.52154,8.122658
76.36116,9.484789
76.67,12.41
76.61608,12.274418
77.06106,10.084852
76.90442,9.685657
76.59939,12.31731
77.51233,12.553153
80.23865,12.803684
77.46242,8.752222
76.65472,10.77917
76.67109,12.291691
76.70585,10.108793
80.27242,12.999738
77.5271,8.247283
78.11639,8.786667
77.34396,8.812367
76.681305,11.389083
76.7855,11.105
76.36811,12.147417
76.95511,10.317621
76.70128,10.101269
76.67308,10.141625
77.725136,12.944578
76.10183,11.4955
77.58,12.99
77.047905,10.143093
77.20481,9.859206
76.66,11.368
76.618515,12.267343
77.57014,8.463166
76.90994,12.629138
79.23915,10.856248
77.40658,8.641783
76.542366,12.362776
76.59662,11.392533
76.63343,11.699088
80,13
76.98592,10.442234
76.672966,12.30126
76.643776,10.101526
76.5925,8.873825
77.22126,10.350532
77.77204,8.708729
76.55778,11.426963
79.41822,11.913319
77.627815,8.162064
76.987144,10.432759
76.67324,11.383546
76.69694,11.506192
77.48207,13.004635
77.17088,9.556322
80.19805,12.862431
76.45977,11.768033
76.19322,11.770742
77.01305,11.017797
76.96086,11.190533
78.277145,9.933682
77.05931,10.093093
77.639725,12.917778
76.6867,11.4925
76.72609,8.889466
76.70746,11.413572
76.881905,12.275963
76.9234,11.5709
77.56767,12.76831
78.7216,10.710844
76.6358,12.3115
76.88342,9.747259
77.56972,8.47725
77.27599,12.31054
77.32644,8.250875
76.565674,12.213414
79.54726,13.591098
76.71161,10.187215
76.985245,11.022539
77.52019,10.310812
79.79911,11.882527
76.4873,9.088538
77.57694,8.675472
76.26598,9.931733
76.178185,10.141185
77.65836,13.035523
78.12732,8.651896
77.57355,12.955939
77.44399,13.214754
77.36975,8.747684
79.87215,13.192317
76.620415,11.311495
77.88104,8.720288
76.73767,11.293526
77.15883,12.295601
77.64,13.2
76.257835,9.920689
77.67295,13.076584
76.00518,11.503537
76.090126,11.632923
77.06652,8.953839
77.4655,8.673472
76.535515,9.621765
78.003,10.202
77.1831,9.49902
77.607635,13.045062
76.59196,11.299452
76.671814,12.32896
76.91923,8.483408
77.585526,12.948012
76.90358,10.341089
76.60719,12.329155
77.06986,10.322924
77.07148,10.055799
76.676384,10.61897
76.95357,10.47127
76.631,12.3128
77.52878,8.672667
77.07248,12.101288
76.65,10.6
76.959175,9.32782
77.0015,10.582269
76.71126,11.418799
76.9705,10.4577
77.21823,9.902733
77.63643,12.661108
76.90335,12.670486
80.195816,12.62543
76.65634,12.424371
76.60014,12.316906
80.26534,13.457236
76.5409,12.3511
76.72936,11.417067
76.52985,12.149441
77.1099,8.76655
77.020424,12.515687
77.22281,12.425802
76.90739,12.704439
76.57254,12.422453
76.487595,12.248256
76.48626,12.369718
77.37625,8.74145
77.163124,9.601128
76.639984,11.525214
77.03614,10.14559
77.4,12.41
76.92361,12.737889
76.08842,11.040472
76.45019,9.592395
77.17,9.6
76.65393,12.301261
80.23633,12.997617
76.671616,11.639983
77.15996,10.040158
76.515205,9.698629
77.47103,8.677055
77.16637,9.601268
76.69363,12.424381
76.67243,12.419168
76.24392,9.959383
77.03725,12.154088
76.939224,10.323648
76.80458,11.4006
76.262,9.933
76.606636,11.53936
77.583046,12.965081
79.72372,13.472326
76.91172,10.31333
80.21736,12.954375
78.81941,10.830679
77.27289,12.43555
76.45374,9.54139
80.1919,12.616497
76.36193,12.185006
76.65617,11.551764
76.806946,10.065546
76.08098,11.951756
76.504654,9.495544
76.44,11.24
77.5032,8.665861
80.23738,13.043526
77.257576,10.126478
79.3959,12.236018
76.49932,10.16837
77.62283,12.94665
77.427185,8.183436
77.5831,12.990479
80.17,13.04
77.15475,11.400779
77.022,8.574
76.943504,12.86158
76.666664,10.766666
79.822624,11.930256
76.63,12.33
76.28298,9.944313
76.670296,11.38255
76.93395,12.490496
77.56,8.485084
77.57245,8.631817
77.57423,12.813524
76.94872,11.016026
76.36679,9.458099
77.589645,13.039017
76.97265,10.989867
80.24264,13.005149
77.06809,10.464522
76.21685,11.645554
76.11771,10.807286
77.4,12.783333
80.25873,13.013171
77.5648,13.00814
76.69176,11.80808
77.2024,9.001228
76.95725,8.540621
76.84441,10.470611
77.77752,8.769233
76.892105,12.326082
76.93794,8.524864
76.7874,11.093451
76.99,8.43
77.00584,10.966396
77.244896,10.122183
77.61641,12.790668
76.538956,12.368831
77.57822,8.599633
76.42794,11.069424
77.34907,12.279456
77.0201,10.165936
76.5678,11.4585
77.26505,10.017861
76.66189,10.137527
76.83272,12.371191
77.32656,8.169518
76.85931,12.509444
76.54637,12.174251
77.68272,13.047999
76.54713,9.456435
78.02007,9.94621
76.07683,11.67406
76.9788,8.4014
78.20171,10.129348
76.5896,12.357757
76.65585,10.797577
77.46733,8.634167
76.63698,11.575657
77.28086,12.691846
76.59242,12.324779
77.09248,12.02027
77.55077,13.000668
76.972466,8.392821
77.060646,10.136926
77.58125,8.6027
77.38395,8.488717
77.0615,10.08467
77.63387,12.794923
76.6322,12.3107
77.42298,13.032256
76.65941,10.138721
77.58781,13.046598
79.3909,13.861082
76.39751,11.447333
77.6567,12.837365
77.58134,8.584983
76.6135,12.2696
76.47517,9.361951
76.58752,11.611671
76.6817,9.222492
76.745094,11.304352
77.600105,12.893672
77.2135,9.854486
77.56129,8.625867
80.223785,12.832389
78.760315,10.800543
76.51806,12.356761
77.48721,12.915536
77.02993,11.033743
77.17121,9.606396
77.05903,10.084769
76.63569,11.696312
76.2159,10.53
77.129395,8.710227
76.84072,12.320761
76.6855,11.5993
76.6308,12.308892
76.34689,9.499873
76.68612,10.128117
77.07485,10.05274
77.585785,8.627017
76.558945,11.561665
77.07065,9.419143
76.08893,10.65445
76.94112,11.36182
79.9537,12.9544
77.02,13.02
79.14361,10.79388
77.05915,10.087938
76.23882,9.966594
76.12032,10.409637
76.0983,11.850696
77.41295,8.619396
76.1315,12.045
79.33996,13.687395
77.64859,12.960398
76.7292,11.2262
76.61,12.27111
80.20867,13.753737
77.02471,10.651721
76.9426,11.324
76.649,12.286
77.07717,10.043999
76.50244,12.167023
76.95297,8.512196
76.04,10.81
76.74014,10.152915
77.21,12.7
76.7717,8.926572
76.90401,9.685733
76.43212,9.614184
76.67523,11.648854
77.57204,8.487133
77.38868,8.7474
76.41702,9.482785
76.25095,11.765864
76.083405,11.702437
77.617195,12.790822
77.56925,8.56595
77.69611,8.720833
78.50281,13.555222
76.985664,10.444597
76.26252,11.926431
79.37378,13.738246
77.55004,13.035039
76.92538,12.84424
76.65,12.37
77.410355,12.328431
77.16868,9.600086
76.544365,9.44065
78.69483,10.805907
76.617714,12.276192
76.300735,9.872467
80.240326,12.90376
77.02928,8.704904
77.40651,12.817003
77.41814,8.71
77.02639,10.337222
76.68897,11.493031
76.58392,11.315456
76.6324,12.3122
76.95149,11.01776
76.848946,11.056754
77.17727,10.190314
76.68572,10.133141
76.5924,12.3291
79.24506,12.940181
76.46127,10.14145
76.5993,12.319
77.60429,12.871301
77.392784,8.74495
76.94426,12.737314
77.63881,13.043839
76.786804,11.413517
77.5506,8.670533
76.67515,10.115373
80.20037,13.71804
77.57727,12.922741
77.5509,8.5457
77.31105,12.306544
76.98505,10.486111
77.61595,8.670833
77.52294,8.63875
77.088,12.513
76.6869,11.5997
77.11191,11.735003
76.3092,10.02251
76.22615,11.277108
80.24958,13.06042
77.79624,12.9947
76.6,9.6
76.45833,10.141129
77.58193,12.085737
76.37268,10.530851
77.358536,8.770217
78.79785,10.784452
77.51321,13.0339
76.53502,11.562707
80.19848,12.837867
76.74986,10.157734
76.690834,11.326391
77.206726,13.365269
76.67158,12.31896
76.77594,10.393357
76.6334,12.3117
77.56692,10.278923
76.7251,11.414601
77.12021,11.706097
77.301346,12.753209
76.07665,11.743828
76.402596,9.665079
77.58392,13.014489
78.04533,11.7396
76.3346,11.83342
77.53453,12.86653
79.35837,9.217846
76.56212,10.648792
77.42,12.55
76.68553,11.542387
76.682175,12.251916
76.150116,10.803208
77.1378,11.4612
77.5511,13.024003
76.61773,12.317685
79.688,10.454251
76.780334,9.68991
76.447,9.428701
76.65318,10.242881
77.29557,8.628591
77.60387,12.24042
78.3669,10.584347
76.006325,11.991639
76.49584,9.68856
76.961044,10.190534
77.41,13.68
77.48333,12.9
76.8052,11.4024
77.575554,13.012389
76.68132,12.311889
77.23058,13.876809
76.884384,8.564564
76.719925,11.602236
76.43858,10.167109
80.23922,12.74334
77.57259,13.013113
76.62425,9.348945
76.938286,12.786799
77.00163,11.418615
77.595,12.975
76.53756,12.372625
77.150055,8.536037
76.92387,11.561267
77.1,11.9
77.22089,11.766904
77.586624,12.770454
76.75254,11.382129
77.26971,12.724958
77.87857,8.657633
76.354126,10.117302
76.83406,12.502692
76.398544,10.169484
76.88422,12.929615
77.39778,10.186803
77.80706,12.72067
77.853035,8.65958
77.64502,12.91029
77.00742,8.362421
78.69713,10.828447
76.94433,11.346522
76.675064,10.11535
76.638824,11.565581
77.58476,12.963576
76.58,8.89
76.58,11.58
76.49154,11.502597
76.26265,9.90677
76.6305,12.3108
76.375496,12.099615
77.111664,12.159768
77.07707,10.989981
76.94556,8.482899
77.48377,10.226614
77.7517,12.994873
76.64992,11.528249
77.38845,13.09928
76.55,11.46
77.558586,12.850298
76.3801,9.976818
76.69305,10.127832
76.66048,12.417652
76.22673,10.239112
79.34295,13.681148
76.95712,8.447774
80.26903,13.08394
77.66381,12.90904
76.081696,11.544617
76.242035,9.968371
77.26815,12.314807
78.19741,11.763071
76.52401,9.572885
77.65071,13.099271
77.57736,13.01881
77.52903,12.822045
76.09035,10.806988
79.81974,12.001174
76.54261,12.342365
79.372635,10.372765
76.56132,12.690416
77.746284,12.986935
76.48148,9.395662
77.243904,9.748267
77.58648,12.958264
76.94002,8.478403
76.75376,11.2075
79.98044,12.68065
77.12325,10.106965
76.30347,10.01486
76.998408,10.382946
76.477684,13.262817
77.46975,12.94505
77.574196,12.934244
77.041626,11.232286
76.2852,10.340199
78.738,10.677
76.112045,10.505585
76.37653,9.699531
76.59863,11.726426
76.983,10.922
77.69137,10.422363
76.71347,10.205283
76.52654,12.354833
76.496,9.421459
77.59944,12.902007
76.41408,9.339571
76.67701,8.776411
79.383865,12.226331
77.14668,11.985256
76.069466,13.016768
76.234604,11.627311
76.16083,10.871217
76.793106,11.366174
76.68811,10.220887
76.6317,12.3105
76.60966,12.279564
76.444824,11.946501
79.807304,11.941609
77.784,12.872786
76.27734,11.112027
77.019,10.646185
77.51667,12.8
77.47403,8.651778
77.052666,12.595717
76.13367,10.769865
76.71469,10.544628
77.57492,13.086406
77.031685,8.847602
77.230675,8.552601
76.9494,8.4778
77.47,12.03
77.47245,8.110372
76.2375,11.0618
77.763535,13.086947
76.67367,12.422285
76.0156,10.673429
76.47407,9.46972
79.996605,13.596302
76.66544,11.5447
77.471504,10.230718
78.493835,11.059262
77.06522,10.087717
77.50533,12.77168
76.088585,10.569962
76.97816,12.039825
76.646034,11.565303
77.1236,10.106719
78.64014,11.55538
76.127754,10.536339
77.467,12.929
77.18618,10.097083
77.00317,8.609199
77.16449,10.276864
76.69144,11.402124
76.692154,10.127145
76.69322,10.126349
76.33164,9.489023
78.39795,13.92213
76.65497,12.307918
76.694916,10.517687
76.2,11.7
76.712251,11.421219
76.35936,9.996241
80.19908,12.616421
76.388885,9.579508
76.49999,10.10975
77.07667,11.500237
77.650764,13.323564
77.39582,12.909448
76.60741,9.681538
77.60473,13.077286
76.26,10.42
76.49677,9.633923
76.2195,11.943189
78.7766,10.796464
80.1804,12.9944
76.5439,9.587811
77.742714,12.96436
77.55472,8.515117
76.54,9.570995
77.49867,12.73185
76.6368,12.3102
77.48849,10.23235
76.618453,11.549619
76.242371,9.96828
76.645,11.353
76.533066,9.658691
76.426704,11.070584
76.2857,10.5484
77.0909,10.148551
77.48,13.12
76.27047,11.939096
78.62945,10.677222
77.67863,12.999982
76.65442,11.55004
76.5293,9.548684
79.70438,12.841458
77.18748,13.293655
80.08071,11.160702
76.876015,10.491798
77.479774,8.670472
77.588524,12.887616
76.388245,9.907392
80.31801,13.431376
76.68594,10.12786
77.11903,11.02947
77.69151,13.31872
77.57704,12.800288
76.96,11.01
79.63642,10.785293
76.79785,11.35774
76.96047,8.429244
76.98946,11.000196
76.688354,10.12995
76.33591,10.312893
76.67391,12.135467
77.61397,12.994564
77.06032,10.13697
76.30387,10.370394
76.69922,11.409161
77.6008,12.997605
77.06378,10.082338
77.73333,13.033333
76.65038,12.378981
76.99078,10.516492
76.5746,8.8969
76.9312,10.34845
76.8325,10.476317
76.83015,10.485583
76.87711,10.4271
76.835971,10.470351
76.8273,10.422083
76.97855,10.37305
76.907785,10.311978
76.850383,10.331667
76.990217,10.367585
76.876337,10.408147
76.888617,10.3972
76.838298,10.484307
76.894674,10.348319
77.020205,10.333735
76.968829,10.338661
76.890447,10.300447
76.932644,10.347927
76.893642,10.347478
76.97289,10.33788
76.833187,10.420412
77.022333,10.336867
76.828675,10.422202
76.879247,10.417869
76.991267,10.395829
76.994088,10.369885
76.907239,10.308542
76.833673,10.473948
76.888132,10.349714
76.854683,10.328479
76.927435,10.365985
76.87508,10.355008
76.955296,10.328092
76.6348,12.3112
76.68892,10.129696
77.27,10.1
76.77563,9.615274
77.658394,12.587777
76.703156,8.735559
77.64867,12.960544
77.58343,12.92005
76.9688,10.35209
77.17321,9.59646
80.198105,12.61674
76.76491,11.101599
76.57607,12.322785
78.098,9.85
76.91957,10.563884
77.32,12.31
76.198616,10.110652
80.27,13.09
77.596886,12.962886
76.667534,12.27714
76.69633,11.392149
77.09157,9.572313
77.091484,9.572792
76.68891,10.129469
77.56696,13.04004
77.02,9.57
77.59994,13.049769
77.59848,12.915441
77.05287,12.393827
78.56233,13.068483
80.0921,12.882978
76.671352,10.106444
77.125549,10.4246
76.71,10.57
76.657104,12.423501
76.153107,12.048722
76.998824,11.581533
77.70556,13.198889
76.70459,11.412218
76.47312,9.978868
76.6935,11.5298
76.66197,12.307395
76.02343,10.84222
77.1168,9.0087
77.2317,9.533155
79.69967,12.846623
76.17443,10.50621
76.52151,9.632524
76.691895,10.12782
76.9,11.9
76.5296,9.604897
77.07752,8.3107
77.26251,10.427057
77.42,13.14
76.6918,11.8092
76.68829,10.129849
77.62332,12.917072
76.620544,12.266709
76.08032,11.61419
76.0679,10.472749
77.52782,12.806643
77.37414,12.972776
76.9263,11.9352
77.59627,12.903074
77.60039,12.969337
77.41043,8.714417
76.58536,12.318055
77.74,12.94
77.06084,10.085834
77.08687,8.401587
77.066666,10.1
76.326645,10.047845
78.13637,9.96749
76.66753,12.276917
76.694214,11.414183
79.84718,11.982396
78.12,9.922
77.51072,13.28019
76.61809,10.70506
76.58872,11.581578
77.51058,13.280778
76.55312,12.210593
76.61,11.72
76.71917,8.875526
77.574776,13.086837
77.308,12.958
79.98672,12.703478
76.78,12.32
76.796364,11.352143
76.6,12.2
79.74,11.95
76.696846,12.419771
76.84202,10.470099
78.34415,12.74631
80.25505,13.079433
76.38179,9.3103
77.57056,13.020556
76.6917,11.4008
80.2071,12.951
76.69357,10.128033
77.46667,12.95
77.34611,8.679458
76.575424,9.423862
77.433334,12.766666
79.82597,10.285194
77.6206,12.86722
77.68038,13.375732
79.76,11.49
76.59375,10.302083
76.691986,12.297949
76.588196,12.328249
76.98077,10.36277
76.631,12.3091
76.502,10.085
77.0964,8.969136
77.55782,12.063564
77.74028,12.949722
77.37672,8.720383
76.98564,10.444069
77.04622,12.58519
77.13314,10.109972
77.57714,13.093623
76.69034,10.12798
76.68897,10.129511
76.42151,10.300875
76.63337,12.283059
78.597885,13.611052
77.57974,12.898828
76.9233,11.5709
77.07231,12.100786
76.70127,10.112855
76.0072,10.5737
80.26195,13.045435
78.69624,10.777328
77.571,12.950841
76.0312,10.8427
76.6857,11.4912
78.11147,13.343991
79.81379,12.006749
76.5,10.1
79.69474,12.816447
76.188034,10.508449
76.67067,12.272545
77.77167,12.108731
78.16385,11.031817
77.617836,13.006063
76.684616,11.488804
76.21,11.63
76.38201,11.663667
76.94666,10.3256
77.72748,11.34224
77.599724,13.108334
76.30108,9.586024
77.03716,11.077341
76.78234,10.857804
77.37105,11.56236
76.071655,12.223006
77.037865,12.880951
76.9374,11.3416
76.80834,11.363041
76.822586,11.420802
76.20286,11.35472
76.72146,11.407199
76.76569,11.368433
77.07127,10.149286
77.16505,8.942117
76.67604,12.422493
77.081535,13.300104
76.65476,11.552941
77.573784,12.959608
76.6274,12.3293
76.67363,10.029287
76.84393,10.469181
77.72805,13.028645
76.87556,10.3688
79.815285,11.961128
77.4888,13.1585
76.70444,10.106184
76.68829,10.129945
78.45287,12.479927
79.828125,11.913381
77.16565,9.435431
76.64755,11.551049
76.67596,10.116668
77.4773,12.644023
77.576065,12.915648
76.67957,11.553026
76.68796,11.48095
76.931335,11.30949
77.63909,13.044697
76.8231,11.4227
76.70277,10.10377
76.59918,12.317649
77.70516,13.29738
76.43929,10.168756
77.71667,11.9
77.14574,10.327839
77.57019,13.006178
76.07671,11.907834
76.9713,10.45389
77.052956,12.394727
76.6969,11.5268
77.55024,12.925965
78.5,13.533
77.55349,12.923834
76.47156,11.531498
77.46845,13.08402
76.09454,13.0072
76.71405,10.097255
76.24156,9.965393
76.64955,11.574553
76.52402,9.646584
80.25,13
76.54707,12.333309
76.675476,10.116118
77.2,12.9
77.65,12.883333
77.59457,12.971599
76.962494,9.83991
76.58107,10.837923
77.318214,8.243345
76.599266,12.318037
76.75461,10.160666
76.71029,11.41607
76.63296,12.460463
76.7104,11.4162
77.3223,8.1235
76.44313,11.987418
76.65763,10.756345
76.7485,10.157166
76.933205,10.357589
76.05891,12.010057
76.65,10.78
76.9757,11.5581
77.27804,12.431164
76.80765,11.341398
76.45982,10.195916
76.66651,10.771653
80.2343,13.084756
80.25379,12.790171
77.57789,13.045371
76.65575,12.411968
76.46135,10.141382
76.88202,12.275945
76.4521,11.096714
76.9951,10.358267
77.58773,12.91319
77.965164,9.678419
77.6,12.8
76.64714,12.287239
76.54328,12.343596
79.78861,11.471667
76.45,9.5
77.58415,8.580909
77.65781,12.837819
79.36057,9.214812
76.67215,12.292141
77.62855,12.627054
76.26572,9.913391
76.784775,11.371918
78.59686,13.609667
76.67539,10.115788
76.599846,12.317011
76.849,11.344
76.04985,10.537317
76.03957,10.58262
79.89,12.09
77.58,13.06
76.308945,10.056163
76.70169,10.13472
76.72096,8.728327
78.31,13.36
76.62483,12.247334
77.14206,8.537987
77.554924,8.078563
77.31697,13.822745
76.328094,10.051438
76.907,11.3858
78.56096,13.069279
78.1,8.78
77.16093,9.616999
76.702034,12.399778
76.12645,10.356757
76.97283,8.453067
76.60081,12.277591
76.18134,10.496842
76.61169,12.359078
77.66238,12.990009
76.53858,12.367515
78.12405,9.932081
77.641495,12.921416
79.47,12.05
76.58598,12.327549
79.11332,10.822067
77.201614,9.583591
76.47902,10.18504
77.7575,8.495556
77.56,12.16
76.31155,10.160519
76.05,11.55
76.674,12.251
76.69773,11.510097
76.72092,11.410623
76.49557,9.402661
76.590416,8.887527
76.7212,11.4125
80.2642,13.008683
80.2112,12.951
76.671906,12.523462
78.69592,10.857643
77.14299,8.53799
77.02548,8.753718
76.14851,10.557326
76.78948,9.264608
76.58835,12.329639
76.18004,11.198951
77.21612,12.308724
76.80542,9.416549
76.9221,11.3629
77.573616,13.009307
76.5524,9.617326
76.72529,8.888377
80.26322,13.034946
76.6757,10.115971
76.65,11.8
77.3,8.6
76.66911,11.427754
76.72438,11.393415
76.6259,12.322
78.5,13.54
77.5951,12.9885
77.590256,12.870151
77.71667,13.75
76.42908,12.125642
76.61321,12.321106
77.07174,10.055853
76.284515,10.547938
76.20162,10.538414
76.32627,10.044839
76.68956,11.493535
77.56839,8.541359
76.44656,11.093345
76.68679,8.87029
77.55095,12.801088
79.05678,12.223323
76.50489,9.497505
76.73538,10.978159
76.2,10.5
77.57162,13.013143
76.04393,11.019384
76.5314,12.3524
76.480705,12.854749
77.6622,12.98457
76.46696,9.421525
76.6324,12.4051
76.40503,9.669642
77.49093,10.268491
76.04775,11.965776
76.6856,11.5999
76.45642,9.45199
76.18169,10.501295
77.7372,8.5172
76.96029,10.330355
76.6755,10.116329
76.61134,12.279849
77.61675,12.790669
76.24224,9.968407
76.54617,9.593133
76.336205,9.497571
77.58678,13.097871
80.2685,13.036656
76.84923,11.057137
77.00094,12.529657
79.13014,12.915065
77.236847,9.462155
77.092861,12.512607
76.868624,10.343591
77.59203,12.031527
76.54229,12.186685
76.611978,12.269372
76.3113,11.96522
77.177274,12.299748
76.894831,12.276072
76.629896,12.309228
76.713518,12.082301
76.631131,12.310168
76.714461,10.093494
76.972807,12.386049
76.752517,12.548405
77.411067,12.798938
79.856057,12.545473
76.660123,12.307204
77.174989,9.560285
77.040587,12.137303
76.723526,11.423352
80.300141,13.16426
77.181814,9.586789
76.443222,12.118069
76.630441,12.310395
77.614948,12.904614
76.673611,12.302778
76.428559,9.627407
78.397021,13.650749
76.654941,12.307686
77.132983,11.906146
77.000299,12.821898
77.494607,10.232121
76.656349,12.42436
77.856379,12.80157
76.990374,12.511381
77.179966,9.585338
76.450402,12.018411
77.752406,12.734715
76.686912,10.130336
77.594563,12.971599
77.75,12.416667
78.119342,9.919505
76.707631,12.141001
80.318525,13.417738
77.059525,10.088933
76.612982,12.279213
76.686979,10.134318
78.704673,10.790483
76.430739,9.536784
76.656383,12.428061
77.011145,12.818297
77.158957,9.467519
76.464681,11.778761
76.83368,10.3013
79.856069,12.54546
76.687118,10.129791
78.697567,10.828449
76.41865,12.130748
76.775631,12.270425
76.879678,10.39257
79.740234,11.865289
77.855848,12.418
77.75093,8.492706
76.654152,12.424377
76.633611,11.569981
77.537684,12.842391
76.459285,12.444049
76.900183,10.345833
76.6253,12.213299
76.916885,10.984403
76.611928,12.694043
77.069907,10.140676
76.435492,9.574613
76.69444,11.414224
76.894516,12.275991
76.621166,12.250154
79.774837,11.422554
76.813589,10.44384
76.864201,12.061466
77.497746,10.239109
76.305672,9.987459
79.72543,11.889366
76.655267,12.423422
77.682827,13.370727
76.693607,10.535393
79.835802,11.931277
76.694432,11.41428
77.298706,12.73929
76.8406,10.471479
77.148722,11.981551
77.54687,13.125096
76.86276,11.42411
77.144902,11.98365
77.331384,13.728872
76.706403,10.104965
76.629585,12.31035
76.151082,12.073437
76.330672,10.129679
76.716683,10.100158
80.282403,13.049953
77,10.3
79.829911,10.286426
76.291552,9.919986
79.985141,13.327461
76.33069,10.129752
76.854799,10.782453
76.694567,11.414254
77.605078,12.908322
79.808313,11.941592
77.160931,9.448723
76.688743,10.129174
80.223721,12.951769
78.451749,12.479074
77.52503,12.883171
77.232084,9.485297
77.053225,11.844975
77.494547,10.232143
76.657016,12.382709
76.452199,12.458373
76.435544,10.68906
76.722268,12.085139
76.947384,12.967925
77.756652,8.713913
77.583695,13.045429
77.504984,12.758669
76.60693,8.919329
76.726201,12.180609
76.821645,11.339999
76.656332,12.424381
76.259497,11.321288
76.630989,12.312371
76.485319,10.218489
76.689482,10.127705
77.15502,11.862482
77.146612,11.983165
77.776362,12.117846
77.189512,9.590087
76.629353,12.313651
77.11696,10.111842
77.38383,12.794624
76.777991,12.403388
79.854126,12.546395
77.189613,11.951737
76.686756,10.129856
80.223766,12.946576
76.163973,10.460326
80.052941,12.331898
80.270718,13.08268
76.493121,9.691865
77.066338,10.339441
76.960172,10.330214
80.052995,12.331756
76.309841,11.13042
76.636419,12.329636
76.654558,12.423734
77.156296,9.463285
77.683303,13.383894
77.578104,10.223418
77.49457,10.232182
76.657055,12.426906
76.938236,11.100067
76.654844,12.423807
76.525701,11.637592
77.157074,9.596493
76.190946,11.964335
76.485419,12.123397
79.890563,12.120313
76.428572,9.627393
77.150443,11.982338
77.660932,13.091114
77.161458,9.603108
79.85838,12.545007
79.853525,12.533199
76.377587,9.494985
76.689329,10.130307
76.734771,12.214259
77.39578,12.90939
76.688611,10.128754
80.05359,12.332317
76.631355,12.310486
76.689012,10.131299
80.052635,12.331767
77.07425,10.115882
80.263884,12.982852
76.654755,12.423881
77.156124,9.462269
77.080937,12.119688
76.050419,10.433342
76.96289,12.267123
80.270462,13.084301
77.003589,13.121161
77.152262,9.463836
76.593301,8.878927
76.846592,10.250391
76.540153,11.058658
79.074696,12.225284
76.547835,8.948898
76.654181,12.424376
77.509963,12.854826
79.856551,12.544363
76.46468,11.778761
76.426318,9.626346
77.58432,13.044368
76.338752,13.250143
76.632607,11.667678
77.585154,13.0443
76.797125,9.901431
77.584763,12.950862
77.03834,10.143836
80.284491,13.051877
77.865815,12.393065
80.05174,12.33208
77.86576,12.393208
80.160599,12.516649
76.787204,12.559207
76.789823,12.427911
76.3438,9.5008
77.017576,12.810444
77.145138,9.466249
76.857682,10.812938
77.152004,9.45973
77.304574,12.664786
76.685359,10.132657
77.27969,12.431302
80.172161,12.926143
80.053966,12.332886
76.686145,12.470814
80.052434,12.331891
76.61414,8.893212
77.143486,11.98768
77.158188,9.463991
77.65567,13.293517
77.030539,12.049126
77.071763,10.055117
79.539353,10.341807
77.151756,11.971504
76.669586,12.42305
76.316056,9.913055
76.428303,9.627493
77.143899,11.991003
77.086735,11.904072
76.687781,10.124784
76.707315,10.105958
77.581991,12.911154
76.450467,12.145766
77.572028,12.778442
76.899791,10.32668
76.239612,9.965001
76.670196,12.302164
76.965208,10.228679
76.613407,12.256105
76.691614,10.126247
76.794065,12.254872
80.053199,12.332529
80.052696,12.331991
77.510082,12.799546
77.250875,9.411978
76.681798,12.322186
77.294933,9.483019
79.851508,12.534613
77.309467,8.68834
77.155266,9.481911
76.690102,11.535012
77.584038,13.045303
80.385439,13.092332
77.040628,12.135051
76.256926,9.954031
76.625387,12.271648
76.815442,12.837218
77.141589,11.98306
76.882434,10.342667
77.109349,9.795891
76.64805,12.265302
76.633425,12.212474
80.276884,13.013437
76.687581,10.128728
79.781047,11.431882
76.883231,11.022599
76.793159,12.323665
77.825518,12.744628
76.664143,12.302268
76.428559,9.6274
77.087835,12.510586
77.093858,12.725663
76.350146,11.828479
77.494597,10.232159
76.903809,10.333512
76.259628,9.939247
76.946748,10.201024
79.312929,9.287625
77.865776,12.393237
76.630025,12.310874
76.420307,9.555931
76.714654,10.100994
76.424085,12.139521
77.147541,9.46955
77.585732,12.948747
76.338848,9.498062
77.583609,13.045429
76.968882,10.388349
76.378091,9.492609
76.894821,12.276632
76.425276,12.139446
76.721392,10.092037
77.721179,12.354247
76.670148,12.275255
76.344895,9.883293
77.162991,9.579761
76.933822,10.354549
77.145925,11.990039
76.698056,12.508333
76.29126,9.86426
77.684584,12.05188
76.686594,12.584112
76.269508,11.93901
76.656144,12.423952
76.683141,10.12661
77.039979,12.134876
77.75727,8.502079
76.688416,10.131009
77.437029,12.18279
76.670376,12.453283
76.655194,12.423495
80.27703,13.351138
76.338848,9.498067
77.149773,9.582554
76.540217,9.446494
76.638485,11.566397
76.692844,8.753068
76.643038,11.564378
76.614484,12.273229
80.140214,12.376468
77.766169,12.644202
77.597791,12.883402
76.455477,12.167788
76.445384,11.758409
76.584066,11.598063
76.781188,12.344609
77.147556,11.92194
76.191991,11.920084
76.588979,11.610676
77.160642,12.239477
76.684306,10.127761
76.616946,12.279884
77.494569,10.232183
76.694233,11.414141
76.773242,12.260053
76.613294,12.278515
77.482679,10.233685
76.614688,12.272275
76.955397,10.326973
76.350388,9.88194
77.137165,11.896785
77.212601,9.475815
79.860134,12.545997
77.494826,10.232676
77.709682,12.044067
76.700397,12.507727
76.531482,12.167701
76.75471,11.213927
77.559662,12.883384
80.016735,12.332477
76.832041,10.541052
77.163146,9.601423
77.159729,9.458883
77.583802,13.044948
76.589354,11.748154
76.655648,12.424512
76.429065,9.62093
76.0834,11.703206
76.944861,12.342604
76.987422,10.326567
76.938704,10.354852
76.612276,12.376911
76.655954,12.423535
76.512256,12.19674
77.146683,9.456343
77.31255,12.268115
76.697134,8.745338
77.825292,12.740913
77.789854,12.526983
76.330679,10.129753
76.368124,11.670612
76.925109,12.052018
76.703167,8.735552
77.449406,10.362108
76.661914,12.417742
76.694599,11.414292
77.682616,13.371201
80.264267,12.98303
76.661599,12.315593
77.511694,12.553686
80.052694,12.33227
76.15314,12.048533
76.991757,10.573246
76.68699,10.137253
77.145996,9.470397
76.004016,10.559828
77.276921,12.311931
76.332535,9.91035
76.815691,10.447006
77.584777,12.950743
77.245452,9.45992
77.158798,9.595477
77.719153,12.730951
76.955832,11.016845
78.497207,13.031146
76.669445,11.800021
77.327393,13.744881
77.171716,9.452402
77.155094,9.464809
76.627411,12.463607
77.494792,10.232669
76.971923,10.361456
76.419765,9.628315
76.794179,11.330507
77.149258,9.460068
76.28173,11.979787
76.160683,10.446578
76.954942,10.326194
79.720423,11.882468
76.694373,11.414059
76.675561,12.153447
76.694539,11.414045
77.654001,12.763421
76.95278,10.345058
76.639381,12.29581
77.14315,11.988029
79.853066,12.545432
76.552907,9.629212
77.865907,12.393101
76.534522,11.562277
76.692281,10.128519
76.694017,11.414177
77.583866,13.044676
76.634995,12.309444
80.299074,13.154376
76.654493,12.424041
76.690265,10.131078
78.73345,10.466538
76.801046,11.35513
76.692051,8.75311
76.642813,12.301513
76.975492,8.389303
76.325669,9.892763
77.585583,13.046599
76.599121,12.316563
77.644521,13.882853
76.607643,12.276142
80.260772,13.391277
77.684436,13.370417
76.654654,12.424455
77.301367,12.753198
76.152935,12.063466
77.153396,10.03368
76.655526,12.424023
80.224064,12.94675
77.799243,13.364492
77.141969,11.984451
76.715437,10.097511
76.61243,12.358825
77.07975,11.916981
77.585047,12.950046
76.429923,9.621945
76.385527,9.474939
77.106872,11.897161
77.578074,12.784114
77.54808,13.123617
77.583599,12.947067
76.633049,12.284099
76.820272,11.35917
77.584403,13.044363
76.928295,10.969349
76.46468,11.778684
76.910645,12.289439
76.655231,11.57843
77.865874,12.393034
76.423349,9.612074
76.242115,9.965779
76.622941,12.647803
76.669051,12.410166
76.685853,10.132043
77.147336,11.983468
76.694561,11.41425
76.93455,10.382946
80.052818,12.332197
77.138044,11.99737
76.437311,9.576128
76.689424,10.130549
76.119952,10.44006
76.655526,12.424019
79.855671,12.546269
76.707141,10.105792
76.990767,10.370292
76.958239,10.353249
76.127109,10.558497
76.919959,10.336992
77.186649,9.458273
76.11808,10.432271
77.584763,12.951029
78.562349,13.068915
76.585706,12.71301
76.693057,10.126126
76.710633,8.775158
76.688358,10.131775
77.768074,12.101167
77.618107,12.773714
76.368251,9.499131
77.732332,12.186449
76.611327,12.186326
76.730436,12.429138
77.664074,12.199125
76.854467,10.292052
76.429609,9.602413
76.654565,12.423783
76.628959,12.312226
76.615573,12.274516
77.146339,9.470905
77.144602,11.989712
76.744155,11.907504
77.618404,12.77344
80.268411,13.010987
76.629914,12.309661
77.584117,13.044464
76.972289,10.357112
77.100638,12.027108
76.907912,10.290809
78.756917,10.799048
76.349015,9.884645
76.69167,10.127318
76.654585,12.423994
76.641271,10.157287
79.137827,10.786999
77.281777,8.593262
76.396996,9.52736
76.649784,12.211078
76.655924,12.425112
77.49467,10.232137
76.65651,12.424842
76.689052,10.130645
77.86575,12.393021
76.684109,10.13343
77.664039,12.199114
76.240019,9.9645
76.656183,12.423903
76.687304,10.134289
77.073887,12.118817
76.357242,9.754966
80.173445,12.92611
76.960187,10.330216
77.116634,10.37154
76.43188,12.422373
79.853053,12.532916
77.583502,13.045763
77.536001,12.736798
77.606189,12.936236
76.342148,9.914408
76.677507,12.157199
77.218766,9.528998
77.663929,12.199152
76.781235,10.716391
76.16008,12.084053
76.411123,12.438215
76.714439,10.097792
76.79605,12.27717
76.919017,13.884225
76.656412,12.037474
79.855178,12.546747
80.05272,12.331723
76.330679,10.12971
76.433021,9.696821
77.139645,9.468704
76.376134,9.516795
79.854888,12.547539
77.494611,10.23228
76.654529,12.424027
79.848418,12.531356
77.136428,10.036233
80.172726,12.926696
76.653714,12.423186
76.652483,12.310405
77.122359,11.902454
76.339402,9.907644
76.352443,9.889594
77.54787,13.025123
76.800581,11.355656
77.142764,11.995632
80.178129,12.981843
77.66408,12.199164
77.566362,12.994809
77.663992,12.199161
77.14676,11.99005
77.186723,9.558919
76.656186,12.425752
76.259351,9.958277
77.151146,9.46464
80.053622,12.332396
76.65443,12.423907
76.959779,10.330229
77.036724,10.092403
79.852581,12.546186
76.330688,10.129696
77.494548,10.232129
76.981682,9.565457
76.936638,8.524139
76.330802,10.12975
77.181339,10.153426
77.566711,12.722776
77.170696,9.599196
76.629226,12.313872
76.688943,10.12764
76.91754,12.323861
76.688358,10.129763
77.565836,12.815946
76.654818,12.423117
77.137088,11.89303
79.312949,9.287584
77.150421,11.982485
76.715206,12.08453
77.153935,9.46464
76.695952,10.125395
77.253785,10.177646
77.658624,12.587274
76.611528,12.358615
76.799673,11.351604
76.655462,12.303795
77.093288,10.158855
76.705384,10.094952
76.713956,12.379664
76.277736,9.97579
77.431979,12.290665
79.08826,12.874062
76.5926,12.3065
77.060669,10.088471
80.229378,13.001213
77.179932,9.578563
76.436691,11.485408
79.810097,12.006749
77.61821,12.973634
76.63575,11.693842
77.559975,12.775826
76.655304,12.42568
77.586559,13.044996
77.051382,10.142608
77.051239,10.142214
77.579206,13.07687
76.691014,10.127402
76.693235,10.126619
77.048836,10.142608
77.052489,10.143136
76.749337,10.157505
76.353932,9.511752
76.682246,11.474263
76.689639,10.128007
77.2647,10.0257
76.655731,12.272915
76.6777,10.5366
77.240387,9.469028
76.735361,10.978153
76.358542,9.525984
76.656175,11.551764
76.675066,10.11535
76.689,10.13
76.644,11.544
76.682337,11.388525
76.688472,10.129736
76.626864,10.232702
76.243079,9.965723
76.684594,11.389709
76.693647,8.751083
76.585717,11.291847
76.685157,11.538204
76.653611,12.424444
76.703,10.113
76.265974,9.974831
80.197964,12.631921
76.583095,11.579603
76.646996,11.529506
76.656462,12.425908
76.640625,12.297068
76.701703,10.136815
76.567924,11.471703
76.59668,12.297068
76.675043,12.285998
80.198982,12.617192
77.025187,10.191888
76.693557,10.128786
76.694502,10.12625
77.075312,10.074698
76.706367,10.217396
76.704183,10.136534
76.681907,11.476918
76.948929,8.50531
76.723022,11.431571
76.353607,9.500112
76.600013,11.569994
76.356591,9.525971
76.688034,10.129941
76.703689,11.406416
76.647227,11.530599
76.346054,9.848451
76.640773,11.5672
76.643605,11.564888
76.364316,10.509389
76.648519,11.559569
76.689,10.129
80.192771,12.617055
76.225067,11.927015
77.137,10.036
76.689504,10.128068
76.681388,11.406736
77.060706,10.136883
79.857388,12.545359
76.671842,11.386307
76.381794,9.523492
76.6941,10.118
76.656291,12.42436
76.693225,10.126348
76.688353,10.12995
76.702496,10.112665
77.076986,10.054796
76.242371,9.939093
79.827347,10.314424
77.065443,10.085514
76.427194,9.642617
76.641713,11.565218
76.594482,11.63771
76.697727,11.510096
76.685608,11.489971
77.118451,9.581857
76.711605,11.418747
77.136965,10.034614
79.855671,12.544961
76.411285,9.474461
76.685529,11.542387
76.702582,10.112714
77.060645,10.136926
80.195904,12.627787
76.273249,11.94114
77.0712,10.0588
77.147021,9.564711
77.062627,10.08138
76.6858,11.3897
76.24109,9.964463
76.699634,11.401673
76.69251,8.752123
77.529348,8.092978
76.365504,10.500128
76.688295,10.129944
76.693575,10.128033
76.343833,9.500821
76.644109,11.526872
77.071,10.0527
76.712568,11.420348
76.893132,10.396096
77.061837,10.078585
77.11441,9.581116
76.252327,9.968512
76.244838,9.973923
76.324768,9.875173
76.689496,10.130401
77.070849,10.057674
76.689069,10.130282
76.419439,9.631607
77.264693,10.025384
76.697056,11.509595
76.694713,10.127061
77.300656,10.043386
77.152385,9.616393
76.980665,11.009911
76.692153,10.127144
77.136895,10.035111
76.245117,9.939093
76.675959,10.116668
76.692628,8.752706
77.071431,10.084453
76.367077,9.501916
76.708942,10.212083
76.684568,11.388836
76.673237,11.383546
76.242142,9.96664
77.24,9.469
76.672983,12.302342
76.688555,10.12958
76.688917,10.129696
76.686176,10.128405
76.366905,9.503287
76.252327,9.964793
76.383638,9.51683
76.676377,11.384403
76.63226,12.311038
76.215042,11.927284
77.211914,9.477508
76.277218,9.950348
76.383226,9.515261
77.061803,10.083372
76.677704,10.536601
76.976159,8.387108
76.662598,12.286334
77.067138,10.070031
77.071213,10.0588
77.166714,9.516653
77.0561,10.096845
76.232304,9.959464
76.679957,8.773351
76.68873,10.129377
76.274071,9.933123
76.702324,10.11275
76.692925,11.400901
77.264865,10.025341
76.688973,10.129511
76.692239,10.127398
76.675502,10.116329
76.980854,8.389551
76.657605,11.533284
80.198822,12.616375
77.136885,10.03644
79.665298,10.331132
76.640086,12.296403
79.820824,11.921103
76.68319,11.388478
76.688,10.13
76.691688,11.39664
76.221339,11.934153
78.47075,10.100477
78.518601,10.552846
76.645508,12.322785
78.509438,10.109941
77.126872,9.574256
76.647866,11.531422
76.694192,10.117921
76.699505,8.738486
76.692445,8.752642
76.243172,9.968781
76.49437,10.077037
76.688973,11.49303
79.757955,11.891512
76.702974,10.11247
76.366854,9.502233
76.654759,11.552941
76.688297,10.129849
79.498851,11.305089
76.237907,9.96344
77.594444,12.97
76.749859,10.157734
76.970901,11.007842
76.693387,10.126357
76.688333,10.12969
76.651611,12.259496
76.690335,10.12798
76.429331,9.613045
76.381578,9.503354
77.060259,10.082996
79.823034,11.928494
78.120013,9.919532
76.646118,12.302435
77.264939,10.022141
77.068056,10.067428
78.450065,10.087548
79.808786,12.008901
77.16231,9.604413
76.635511,11.548091
76.6439,11.5443
76.684617,11.488804
77.13702,10.03616
76.429138,9.611582
77.265552,10.031173
76.711886,11.419195
77.267958,10.037647
76.641305,11.565145
76.970901,11.0079
76.691361,10.128153
76.355324,9.500501
76.674113,10.116075
77.287014,10.040597
76.688109,10.220887
76.70743,10.214876
76.972833,8.396948
76.33893,9.496006
76.358074,9.526421
